mode,abs_error,rel_error
bicycling,178.09300000000002,0.40018206110116544
driving,143.16089075630254,0.015287012819182261
transit,206.84308403361342,0.2858607045805047
walking,507.109,0.3501557324120863
