mode,abs_error,rel_error
bicycling,172.63000000000002,0.2994412223755528
driving,126.83038655462185,-0.06497104357306792
transit,118.78643697478992,0.19711999996196955
walking,632.7110000000001,0.4176248159207276
