origin_place,origin_lat,origin_lng,destination_place,destination_lat,destination_lng,mode
The Westin Seattle,47.613693189262335,-122.338198,Museum of Pop Culture,47.621470125609314,-122.3481283,driving
The Westin Seattle,47.613693189262335,-122.338198,Museum of Pop Culture,47.621470125609314,-122.3481283,walking
The Westin Seattle,47.613693189262335,-122.338198,Museum of Pop Culture,47.621470125609314,-122.3481283,bicycling
The Westin Seattle,47.613693189262335,-122.338198,Museum of Pop Culture,47.621470125609314,-122.3481283,transit
