origin_place,origin_lat,origin_lng,destination_place,destination_lat,destination_lng,mode
Pike Place Market,47.60939849082073,-122.3418399,Benaroya Hall,47.60814199288301,-122.3368088,driving
Pike Place Market,47.60939849082073,-122.3418399,Benaroya Hall,47.60814199288301,-122.3368088,walking
Pike Place Market,47.60939849082073,-122.3418399,Benaroya Hall,47.60814199288301,-122.3368088,bicycling
Pike Place Market,47.60939849082073,-122.3418399,Benaroya Hall,47.60814199288301,-122.3368088,transit
