origin_place,origin_lat,origin_lng,destination_place,destination_lat,destination_lng,mode
Cal Anderson Park,47.616996860880555,-122.3191329,Benaroya Hall,47.60814199288301,-122.3368088,driving
Cal Anderson Park,47.616996860880555,-122.3191329,Benaroya Hall,47.60814199288301,-122.3368088,walking
Cal Anderson Park,47.616996860880555,-122.3191329,Benaroya Hall,47.60814199288301,-122.3368088,bicycling
Cal Anderson Park,47.616996860880555,-122.3191329,Benaroya Hall,47.60814199288301,-122.3368088,transit
