origin_place,origin_lat,origin_lng,destination_place,destination_lat,destination_lng,mode
Pike Place Market,47.60939849082073,-122.3418399,Cal Anderson Park,47.61699686088056,-122.3191329,driving
Pike Place Market,47.60939849082073,-122.3418399,Cal Anderson Park,47.61699686088056,-122.3191329,walking
Pike Place Market,47.60939849082073,-122.3418399,Cal Anderson Park,47.61699686088056,-122.3191329,bicycling
Pike Place Market,47.60939849082073,-122.3418399,Cal Anderson Park,47.61699686088056,-122.3191329,transit
